kind,arm,display,metric,delta_observed,delta_additive_prediction,synergy
single,bh3,blackhole x3,delivery_ratio,,,
single,jm3,jamming x3,delivery_ratio,,,
single,sy8,sybil x8ids,delivery_ratio,,,
combo,bh3_jm3,bh3+jm3,delivery_ratio,,,
combo,bh3_sy8,bh3+sy8,delivery_ratio,,,
combo,jm3_sy8,jm3+sy8,delivery_ratio,,,
combo,bh3_jm3_sy8,bh3+jm3+sy8,delivery_ratio,,,
single,bh3,blackhole x3,avg_hops,,,
single,jm3,jamming x3,avg_hops,,,
single,sy8,sybil x8ids,avg_hops,,,
combo,bh3_jm3,bh3+jm3,avg_hops,,,
combo,bh3_sy8,bh3+sy8,avg_hops,,,
combo,jm3_sy8,jm3+sy8,avg_hops,,,
combo,bh3_jm3_sy8,bh3+jm3+sy8,avg_hops,,,
single,bh3,blackhole x3,total_loops,,,
single,jm3,jamming x3,total_loops,,,
single,sy8,sybil x8ids,total_loops,,,
combo,bh3_jm3,bh3+jm3,total_loops,,,
combo,bh3_sy8,bh3+sy8,total_loops,,,
combo,jm3_sy8,jm3+sy8,total_loops,,,
combo,bh3_jm3_sy8,bh3+jm3+sy8,total_loops,,,
