num_identities,metric,mean,ci95_low,ci95_high,n_seeds,baseline_mean
1,sybil_attraction_ratio,0.9125,0.8775000000000001,0.9475,10,
2,sybil_attraction_ratio,0.8774999999999998,0.8375,0.915,10,
4,sybil_attraction_ratio,0.9324999999999999,0.9,0.9625,10,
8,sybil_attraction_ratio,0.9824999999999999,0.97,0.9925,10,
16,sybil_attraction_ratio,0.9949999999999999,0.9875,1.0,10,
32,sybil_attraction_ratio,0.9875,0.975,0.9974999999999999,10,
1,delivery_ratio,0.045,0.02,0.07500000000000001,10,0.8950000000000001
2,delivery_ratio,0.045,0.02,0.07500000000000001,10,0.8950000000000001
4,delivery_ratio,0.025,0.005,0.05500000000000001,10,0.8950000000000001
8,delivery_ratio,0.0,0.0,0.0,10,0.8950000000000001
16,delivery_ratio,0.0,0.0,0.0,10,0.8950000000000001
32,delivery_ratio,0.0,0.0,0.0,10,0.8950000000000001
