gradient,arm,x,delivery_mean,ci95_low,ci95_high,median_diff,p_value,rank_biserial
num attackers (drop_prob=0.8),c1,1,0.5575000000000001,0.5025000000000001,0.6075,-0.3375,0.001953125,-1.0
num attackers (drop_prob=0.8),c3,3,0.29999999999999993,0.2374375,0.36750000000000005,-0.625,0.001953125,-1.0
num attackers (drop_prob=0.8),c6,6,0.1725,0.10743750000000002,0.2475,-0.75,0.001953125,-1.0
num attackers (drop_prob=0.8),c12,12,0.08,0.042499999999999996,0.13,-0.825,0.001953125,-1.0
num attackers (drop_prob=0.8),c24,24,0.027500000000000004,0.01,0.052500000000000005,-0.9,0.001953125,-1.0
drop_prob (3 attackers),p00,0.0,0.545,0.48250000000000004,0.61,-0.36250000000000004,0.001953125,-1.0
drop_prob (3 attackers),p20,0.2,0.4625,0.39999999999999997,0.525,-0.44999999999999996,0.001953125,-1.0
drop_prob (3 attackers),p50,0.5,0.37,0.30250000000000005,0.4375,-0.5125,0.001953125,-1.0
drop_prob (3 attackers),p100,1.0,0.255,0.1775,0.32999999999999996,-0.625,0.001953125,-1.0
