node_limit,shell,metric,attack_mean,baseline_mean,median_diff,p_value,rank_biserial,significant,test,n_pairs
256,53deg,delivery_ratio,0.44749999999999995,0.7900000000000001,-0.32499999999999996,0.001953125,-1.0,1,wilcoxon,10
256,53deg,avg_hops,5.1274999999999995,10.355,-4.6375,0.001953125,-1.0,1,wilcoxon,10
256,53deg,total_loops,5592.0,5592.0,0.0,1.0,0.0,0,wilcoxon,10
256,70deg,delivery_ratio,0.6100000000000001,1.0,-0.4,0.001953125,-1.0,1,wilcoxon,10
256,70deg,avg_hops,4.4625,8.544999999999998,-3.9875,0.001953125,-1.0,1,wilcoxon,10
256,70deg,total_loops,5515.0,5515.0,0.0,1.0,0.0,0,wilcoxon,10
256,97.5deg,delivery_ratio,0.45,1.0,-0.55,0.001953125,-1.0,1,wilcoxon,10
256,97.5deg,avg_hops,2.4699999999999998,7.790000000000001,-5.55,0.001953125,-1.0,1,wilcoxon,10
256,97.5deg,total_loops,6288.0,6288.0,0.0,1.0,0.0,0,wilcoxon,10
256,43deg,delivery_ratio,0.23500000000000001,0.6799999999999999,-0.44999999999999996,0.001953125,-1.0,1,wilcoxon,10
256,43deg,avg_hops,2.7199999999999998,10.61,-7.362500000000001,0.001953125,-1.0,1,wilcoxon,10
256,43deg,total_loops,6019.0,6019.0,0.0,1.0,0.0,0,wilcoxon,10
