sweep,arm,metric,shell,node_limit,num_eval_epochs,num_flows,n_seeds,n,mean,std,ci95_low,ci95_high,warnings
e6_wormhole,base_det,delivery_ratio,53°,1024,2,20,2,2,0.925,0.03535533905932733,0.9,0.95,n=2 < 10：样本量偏小，CI/检验结果仅供参考，建议 >= 10 seeds
e6_wormhole,base_det,avg_hops,53°,1024,2,20,2,2,9.4125,2.386485386504598,7.725,11.1,n=2 < 10：样本量偏小，CI/检验结果仅供参考，建议 >= 10 seeds
e6_wormhole,base_det,avg_latency_ms,53°,1024,2,20,2,2,181.18116334792654,52.999887048772244,143.7045838136186,218.65774288223446,n=2 < 10：样本量偏小，CI/检验结果仅供参考，建议 >= 10 seeds
e6_wormhole,base_det,avg_success_hops,53°,1024,2,20,2,2,10.232456140350877,2.971089019196108,8.131578947368421,12.333333333333334,n=2 < 10：样本量偏小，CI/检验结果仅供参考，建议 >= 10 seeds
e6_wormhole,base_det,avg_success_latency_ms,53°,1024,2,20,2,2,197.11051530431547,64.83113097244872,151.26798296170378,242.9530476469272,n=2 < 10：样本量偏小，CI/检验结果仅供参考，建议 >= 10 seeds
e6_wormhole,base_det,total_loops,53°,1024,2,20,2,2,25031.0,0.0,25031.0,25031.0,n=2 < 10：样本量偏小，CI/检验结果仅供参考，建议 >= 10 seeds
e6_wormhole,base_det,attacked_count,53°,1024,2,20,2,2,0.0,0.0,0.0,0.0,n=2 < 10：样本量偏小，CI/检验结果仅供参考，建议 >= 10 seeds
e6_wormhole,base_det,dropped_by_attacker,53°,1024,2,20,2,2,0.0,0.0,0.0,0.0,n=2 < 10：样本量偏小，CI/检验结果仅供参考，建议 >= 10 seeds
e6_wormhole,base_det,num_success,53°,1024,2,20,2,2,37.0,1.4142135623730951,36.0,38.0,n=2 < 10：样本量偏小，CI/检验结果仅供参考，建议 >= 10 seeds
e6_wormhole,base_det,num_trials,53°,1024,2,20,2,2,40.0,0.0,40.0,40.0,n=2 < 10：样本量偏小，CI/检验结果仅供参考，建议 >= 10 seeds
e6_wormhole,base_det,wormhole_num_tunnels,53°,1024,2,20,2,2,0.0,0.0,0.0,0.0,n=2 < 10：样本量偏小，CI/检验结果仅供参考，建议 >= 10 seeds
e6_wormhole,base_det,wormhole_attracted_ratio,53°,1024,2,20,2,2,0.0,0.0,0.0,0.0,n=2 < 10：样本量偏小，CI/检验结果仅供参考，建议 >= 10 seeds
e6_wormhole,base_det,wormhole_attracted_trials,53°,1024,2,20,2,2,0.0,0.0,0.0,0.0,n=2 < 10：样本量偏小，CI/检验结果仅供参考，建议 >= 10 seeds
e6_wormhole,base_det,wormhole_false_positive_rate,53°,1024,2,20,2,2,0.2009520571234274,0.0,0.2009520571234274,0.2009520571234274,n=2 < 10：样本量偏小，CI/检验结果仅供参考，建议 >= 10 seeds
e6_wormhole,base_det,wormhole_suspicious_hops,53°,1024,2,20,2,2,591.0,0.0,591.0,591.0,n=2 < 10：样本量偏小，CI/检验结果仅供参考，建议 >= 10 seeds
e6_wormhole,base_det,wormhole_edges_examined,53°,1024,2,20,2,2,2941.0,0.0,2941.0,2941.0,n=2 < 10：样本量偏小，CI/检验结果仅供参考，建议 >= 10 seeds
e6_wormhole,base_det,wormhole_latency_flagged_ratio,53°,1024,2,20,2,2,0.9736842105263157,0.03721614637823938,0.9473684210526315,1.0,n=2 < 10：样本量偏小，CI/检验结果仅供参考，建议 >= 10 seeds
e6_wormhole,extreme,delivery_ratio,53°,1024,2,20,2,2,0.0,0.0,0.0,0.0,n=2 < 10：样本量偏小，CI/检验结果仅供参考，建议 >= 10 seeds
e6_wormhole,extreme,avg_hops,53°,1024,2,20,2,2,0.0,0.0,0.0,0.0,n=2 < 10：样本量偏小，CI/检验结果仅供参考，建议 >= 10 seeds
e6_wormhole,extreme,avg_latency_ms,53°,1024,2,20,2,2,0.0,0.0,0.0,0.0,n=2 < 10：样本量偏小，CI/检验结果仅供参考，建议 >= 10 seeds
e6_wormhole,extreme,avg_success_hops,53°,1024,2,20,2,2,0.0,0.0,0.0,0.0,n=2 < 10：样本量偏小，CI/检验结果仅供参考，建议 >= 10 seeds
e6_wormhole,extreme,avg_success_latency_ms,53°,1024,2,20,2,2,0.0,0.0,0.0,0.0,n=2 < 10：样本量偏小，CI/检验结果仅供参考，建议 >= 10 seeds
e6_wormhole,extreme,total_loops,53°,1024,2,20,2,2,20995.0,0.0,20995.0,20995.0,n=2 < 10：样本量偏小，CI/检验结果仅供参考，建议 >= 10 seeds
e6_wormhole,extreme,attacked_count,53°,1024,2,20,2,2,0.0,0.0,0.0,0.0,n=2 < 10：样本量偏小，CI/检验结果仅供参考，建议 >= 10 seeds
e6_wormhole,extreme,dropped_by_attacker,53°,1024,2,20,2,2,0.0,0.0,0.0,0.0,n=2 < 10：样本量偏小，CI/检验结果仅供参考，建议 >= 10 seeds
e6_wormhole,extreme,num_success,53°,1024,2,20,2,2,0.0,0.0,0.0,0.0,n=2 < 10：样本量偏小，CI/检验结果仅供参考，建议 >= 10 seeds
e6_wormhole,extreme,num_trials,53°,1024,2,20,2,2,40.0,0.0,40.0,40.0,n=2 < 10：样本量偏小，CI/检验结果仅供参考，建议 >= 10 seeds
e6_wormhole,extreme,wormhole_num_tunnels,53°,1024,2,20,2,2,3.0,0.0,3.0,3.0,n=2 < 10：样本量偏小，CI/检验结果仅供参考，建议 >= 10 seeds
e6_wormhole,extreme,wormhole_attracted_ratio,53°,1024,2,20,2,2,0.975,0.03535533905932741,0.95,1.0,n=2 < 10：样本量偏小，CI/检验结果仅供参考，建议 >= 10 seeds
e6_wormhole,extreme,wormhole_attracted_trials,53°,1024,2,20,2,2,39.0,1.4142135623730951,38.0,40.0,n=2 < 10：样本量偏小，CI/检验结果仅供参考，建议 >= 10 seeds
e6_wormhole,extreme,wormhole_false_positive_rate,53°,1024,2,20,2,2,0.20040760869565216,0.0,0.20040760869565216,0.20040760869565216,n=2 < 10：样本量偏小，CI/检验结果仅供参考，建议 >= 10 seeds
e6_wormhole,extreme,wormhole_suspicious_hops,53°,1024,2,20,2,2,479.0,0.0,479.0,479.0,n=2 < 10：样本量偏小，CI/检验结果仅供参考，建议 >= 10 seeds
e6_wormhole,extreme,wormhole_edges_examined,53°,1024,2,20,2,2,2944.0,0.0,2944.0,2944.0,n=2 < 10：样本量偏小，CI/检验结果仅供参考，建议 >= 10 seeds
e6_wormhole,extreme,wormhole_latency_flagged_ratio,53°,1024,2,20,2,2,0.0,0.0,0.0,0.0,n=2 < 10：样本量偏小，CI/检验结果仅供参考，建议 >= 10 seeds
e6_wormhole,extreme,wormhole_detection_rate,53°,1024,2,20,2,2,1.0,0.0,1.0,1.0,n=2 < 10：样本量偏小，CI/检验结果仅供参考，建议 >= 10 seeds
e6_wormhole,extreme,wormhole_detected_tunnels,53°,1024,2,20,2,2,3.0,0.0,3.0,3.0,n=2 < 10：样本量偏小，CI/检验结果仅供参考，建议 >= 10 seeds
e6_wormhole,extreme,wormhole_path_stretch,53°,1024,2,20,2,2,0.0,0.0,0.0,0.0,n=2 < 10：样本量偏小，CI/检验结果仅供参考，建议 >= 10 seeds
e6_wormhole,extreme,wormhole_geo_stretch,53°,1024,2,20,2,2,0.0,0.0,0.0,0.0,n=2 < 10：样本量偏小，CI/检验结果仅供参考，建议 >= 10 seeds
e6_wormhole,extreme,wormhole_mean_tunnel_km,53°,1024,2,20,2,2,13482.5010884493,0.0,13482.5010884493,13482.5010884493,n=2 < 10：样本量偏小，CI/检验结果仅供参考，建议 >= 10 seeds
e6_wormhole,t1,delivery_ratio,53°,1024,2,20,2,2,0.95,0.0,0.95,0.95,n=2 < 10：样本量偏小，CI/检验结果仅供参考，建议 >= 10 seeds
e6_wormhole,t1,avg_hops,53°,1024,2,20,2,2,9.087499999999999,2.633972759919889,7.225,10.95,n=2 < 10：样本量偏小，CI/检验结果仅供参考，建议 >= 10 seeds
e6_wormhole,t1,avg_latency_ms,53°,1024,2,20,2,2,187.28298569488553,64.66044965778573,141.56114326729386,233.0048281224772,n=2 < 10：样本量偏小，CI/检验结果仅供参考，建议 >= 10 seeds
e6_wormhole,t1,avg_success_hops,53°,1024,2,20,2,2,9.56578947368421,2.7726029051788315,7.605263157894737,11.526315789473685,n=2 < 10：样本量偏小，CI/检验结果仅供参考，建议 >= 10 seeds
e6_wormhole,t1,avg_success_latency_ms,53°,1024,2,20,2,2,197.13998494198478,68.06363121872182,149.01172975504616,245.26824012892337,n=2 < 10：样本量偏小，CI/检验结果仅供参考，建议 >= 10 seeds
e6_wormhole,t1,total_loops,53°,1024,2,20,2,2,24731.0,0.0,24731.0,24731.0,n=2 < 10：样本量偏小，CI/检验结果仅供参考，建议 >= 10 seeds
e6_wormhole,t1,attacked_count,53°,1024,2,20,2,2,22.0,8.48528137423857,16.0,28.0,n=2 < 10：样本量偏小，CI/检验结果仅供参考，建议 >= 10 seeds
e6_wormhole,t1,dropped_by_attacker,53°,1024,2,20,2,2,0.0,0.0,0.0,0.0,n=2 < 10：样本量偏小，CI/检验结果仅供参考，建议 >= 10 seeds
e6_wormhole,t1,num_success,53°,1024,2,20,2,2,38.0,0.0,38.0,38.0,n=2 < 10：样本量偏小，CI/检验结果仅供参考，建议 >= 10 seeds
e6_wormhole,t1,num_trials,53°,1024,2,20,2,2,40.0,0.0,40.0,40.0,n=2 < 10：样本量偏小，CI/检验结果仅供参考，建议 >= 10 seeds
e6_wormhole,t1,wormhole_num_tunnels,53°,1024,2,20,2,2,1.0,0.0,1.0,1.0,n=2 < 10：样本量偏小，CI/检验结果仅供参考，建议 >= 10 seeds
e6_wormhole,t1,wormhole_attracted_ratio,53°,1024,2,20,2,2,0.21250000000000002,0.15909902576697318,0.1,0.325,n=2 < 10：样本量偏小，CI/检验结果仅供参考，建议 >= 10 seeds
e6_wormhole,t1,wormhole_attracted_trials,53°,1024,2,20,2,2,8.5,6.363961030678928,4.0,13.0,n=2 < 10：样本量偏小，CI/检验结果仅供参考，建议 >= 10 seeds
e6_wormhole,t1,wormhole_false_positive_rate,53°,1024,2,20,2,2,0.2008837525492862,0.0,0.2008837525492862,0.2008837525492862,n=2 < 10：样本量偏小，CI/检验结果仅供参考，建议 >= 10 seeds
e6_wormhole,t1,wormhole_suspicious_hops,53°,1024,2,20,2,2,592.0,0.0,592.0,592.0,n=2 < 10：样本量偏小，CI/检验结果仅供参考，建议 >= 10 seeds
e6_wormhole,t1,wormhole_edges_examined,53°,1024,2,20,2,2,2942.0,0.0,2942.0,2942.0,n=2 < 10：样本量偏小，CI/检验结果仅供参考，建议 >= 10 seeds
e6_wormhole,t1,wormhole_latency_flagged_ratio,53°,1024,2,20,2,2,0.9736842105263157,0.03721614637823938,0.9473684210526315,1.0,n=2 < 10：样本量偏小，CI/检验结果仅供参考，建议 >= 10 seeds
e6_wormhole,t1,wormhole_detection_rate,53°,1024,2,20,2,2,1.0,0.0,1.0,1.0,n=2 < 10：样本量偏小，CI/检验结果仅供参考，建议 >= 10 seeds
e6_wormhole,t1,wormhole_detected_tunnels,53°,1024,2,20,2,2,1.0,0.0,1.0,1.0,n=2 < 10：样本量偏小，CI/检验结果仅供参考，建议 >= 10 seeds
e6_wormhole,t1,wormhole_path_stretch,53°,1024,2,20,2,2,0.9510736414167973,0.005991814231558831,0.946836788942052,0.9553104938915427,n=2 < 10：样本量偏小，CI/检验结果仅供参考，建议 >= 10 seeds
e6_wormhole,t1,wormhole_geo_stretch,53°,1024,2,20,2,2,1.0491050026807276,0.06875742617539048,1.0004861603751756,1.0977238449862796,n=2 < 10：样本量偏小，CI/检验结果仅供参考，建议 >= 10 seeds
e6_wormhole,t1,wormhole_mean_tunnel_km,53°,1024,2,20,2,2,13243.662999877706,0.0,13243.662999877706,13243.662999877706,n=2 < 10：样本量偏小，CI/检验结果仅供参考，建议 >= 10 seeds
e6_wormhole,t3,delivery_ratio,53°,1024,2,20,2,2,0.9625,0.053033008588991036,0.925,1.0,n=2 < 10：样本量偏小，CI/检验结果仅供参考，建议 >= 10 seeds
e6_wormhole,t3,avg_hops,53°,1024,2,20,2,2,8.6875,1.3965358928434317,7.7,9.675,n=2 < 10：样本量偏小，CI/检验结果仅供参考，建议 >= 10 seeds
e6_wormhole,t3,avg_latency_ms,53°,1024,2,20,2,2,195.81966451119035,38.11653595512556,168.8672034619802,222.7721255604005,n=2 < 10：样本量偏小，CI/检验结果仅供参考，建议 >= 10 seeds
e6_wormhole,t3,avg_success_hops,53°,1024,2,20,2,2,9.07972972972973,1.9512324961931486,7.7,10.45945945945946,n=2 < 10：样本量偏小，CI/检验结果仅供参考，建议 >= 10 seeds
e6_wormhole,t3,avg_success_latency_ms,53°,1024,2,20,2,2,204.85096689877417,50.888726277539114,168.8672034619802,240.83473033556814,n=2 < 10：样本量偏小，CI/检验结果仅供参考，建议 >= 10 seeds
e6_wormhole,t3,total_loops,53°,1024,2,20,2,2,24008.0,0.0,24008.0,24008.0,n=2 < 10：样本量偏小，CI/检验结果仅供参考，建议 >= 10 seeds
e6_wormhole,t3,attacked_count,53°,1024,2,20,2,2,61.5,10.606601717798213,54.0,69.0,n=2 < 10：样本量偏小，CI/检验结果仅供参考，建议 >= 10 seeds
e6_wormhole,t3,dropped_by_attacker,53°,1024,2,20,2,2,0.0,0.0,0.0,0.0,n=2 < 10：样本量偏小，CI/检验结果仅供参考，建议 >= 10 seeds
e6_wormhole,t3,num_success,53°,1024,2,20,2,2,38.5,2.1213203435596424,37.0,40.0,n=2 < 10：样本量偏小，CI/检验结果仅供参考，建议 >= 10 seeds
e6_wormhole,t3,num_trials,53°,1024,2,20,2,2,40.0,0.0,40.0,40.0,n=2 < 10：样本量偏小，CI/检验结果仅供参考，建议 >= 10 seeds
e6_wormhole,t3,wormhole_num_tunnels,53°,1024,2,20,2,2,3.0,0.0,3.0,3.0,n=2 < 10：样本量偏小，CI/检验结果仅供参考，建议 >= 10 seeds
e6_wormhole,t3,wormhole_attracted_ratio,53°,1024,2,20,2,2,0.475,0.1767766952966369,0.35,0.6,n=2 < 10：样本量偏小，CI/检验结果仅供参考，建议 >= 10 seeds
e6_wormhole,t3,wormhole_attracted_trials,53°,1024,2,20,2,2,19.0,7.0710678118654755,14.0,24.0,n=2 < 10：样本量偏小，CI/检验结果仅供参考，建议 >= 10 seeds
e6_wormhole,t3,wormhole_false_positive_rate,53°,1024,2,20,2,2,0.20040760869565216,0.0,0.20040760869565216,0.20040760869565216,n=2 < 10：样本量偏小，CI/检验结果仅供参考，建议 >= 10 seeds
e6_wormhole,t3,wormhole_suspicious_hops,53°,1024,2,20,2,2,593.0,0.0,593.0,593.0,n=2 < 10：样本量偏小，CI/检验结果仅供参考，建议 >= 10 seeds
e6_wormhole,t3,wormhole_edges_examined,53°,1024,2,20,2,2,2944.0,0.0,2944.0,2944.0,n=2 < 10：样本量偏小，CI/检验结果仅供参考，建议 >= 10 seeds
e6_wormhole,t3,wormhole_latency_flagged_ratio,53°,1024,2,20,2,2,0.975,0.03535533905932741,0.95,1.0,n=2 < 10：样本量偏小，CI/检验结果仅供参考，建议 >= 10 seeds
e6_wormhole,t3,wormhole_detection_rate,53°,1024,2,20,2,2,1.0,0.0,1.0,1.0,n=2 < 10：样本量偏小，CI/检验结果仅供参考，建议 >= 10 seeds
e6_wormhole,t3,wormhole_detected_tunnels,53°,1024,2,20,2,2,3.0,0.0,3.0,3.0,n=2 < 10：样本量偏小，CI/检验结果仅供参考，建议 >= 10 seeds
e6_wormhole,t3,wormhole_path_stretch,53°,1024,2,20,2,2,0.8949594976421201,0.04257806879478346,0.8648522564675014,0.9250667388167388,n=2 < 10：样本量偏小，CI/检验结果仅供参考，建议 >= 10 seeds
e6_wormhole,t3,wormhole_geo_stretch,53°,1024,2,20,2,2,1.099197587451608,0.024175016609824018,1.082103269271504,1.116291905631712,n=2 < 10：样本量偏小，CI/检验结果仅供参考，建议 >= 10 seeds
e6_wormhole,t3,wormhole_mean_tunnel_km,53°,1024,2,20,2,2,13482.5010884493,0.0,13482.5010884493,13482.5010884493,n=2 < 10：样本量偏小，CI/检验结果仅供参考，建议 >= 10 seeds
