sweep,arm,n_expected,n_found,complete,seeds_found,seeds_missing
e4_sybil,base,10,10,1,42|43|44|45|46|47|48|49|50|51,
e4_sybil,ids1,10,10,1,42|43|44|45|46|47|48|49|50|51,
e4_sybil,ids2,10,10,1,42|43|44|45|46|47|48|49|50|51,
e4_sybil,ids4,10,10,1,42|43|44|45|46|47|48|49|50|51,
e4_sybil,ids8,10,10,1,42|43|44|45|46|47|48|49|50|51,
e4_sybil,ids16,10,10,1,42|43|44|45|46|47|48|49|50|51,
e4_sybil,ids32,10,10,1,42|43|44|45|46|47|48|49|50|51,
e5_intensity,base,10,10,1,42|43|44|45|46|47|48|49|50|51,
e5_intensity,c3,10,10,1,42|43|44|45|46|47|48|49|50|51,
e5_intensity,c1,10,10,1,42|43|44|45|46|47|48|49|50|51,
e5_intensity,c6,10,10,1,42|43|44|45|46|47|48|49|50|51,
e5_intensity,c12,10,10,1,42|43|44|45|46|47|48|49|50|51,
e5_intensity,c24,10,10,1,42|43|44|45|46|47|48|49|50|51,
e5_intensity,p00,10,10,1,42|43|44|45|46|47|48|49|50|51,
e5_intensity,p20,10,10,1,42|43|44|45|46|47|48|49|50|51,
e5_intensity,p50,10,10,1,42|43|44|45|46|47|48|49|50|51,
e5_intensity,p100,10,10,1,42|43|44|45|46|47|48|49|50|51,
e5_placement,base,10,10,1,42|43|44|45|46|47|48|49|50|51,
e5_placement,degree,10,10,1,42|43|44|45|46|47|48|49|50|51,
e5_placement,rnd,10,10,1,42|43|44|45|46|47|48|49|50|51,
e5_placement,btw,10,10,1,42|43|44|45|46|47|48|49|50|51,
e5_placement,kcore,10,10,1,42|43|44|45|46|47|48|49|50|51,
e5_placement,led,10,10,1,42|43|44|45|46|47|48|49|50|51,
e5a_scale_small,base_n48,10,0,0,,42|43|44|45|46|47|48|49|50|51
e5a_scale_small,bh3_n48,10,0,0,,42|43|44|45|46|47|48|49|50|51
e5a_scale_small,base_n96,10,0,0,,42|43|44|45|46|47|48|49|50|51
e5a_scale_small,bh3_n96,10,0,0,,42|43|44|45|46|47|48|49|50|51
e5a_scale_small,base_n256,10,0,0,,42|43|44|45|46|47|48|49|50|51
e5a_scale_small,bh3_n256,10,0,0,,42|43|44|45|46|47|48|49|50|51
e5a_scale_small,base_n512,10,0,0,,42|43|44|45|46|47|48|49|50|51
e5a_scale_small,bh3_n512,10,0,0,,42|43|44|45|46|47|48|49|50|51
e5a_scale_small,base_n1024,10,0,0,,42|43|44|45|46|47|48|49|50|51
e5a_scale_small,bh3_n1024,10,0,0,,42|43|44|45|46|47|48|49|50|51
e5a_scale_top,base_n2048,10,0,0,,42|43|44|45|46|47|48|49|50|51
e5a_scale_top,bh3_n2048,10,0,0,,42|43|44|45|46|47|48|49|50|51
e6_wormhole,base_det,10,10,1,42|43|44|45|46|47|48|49|50|51,
e6_wormhole,t1,10,10,1,42|43|44|45|46|47|48|49|50|51,
e6_wormhole,t3,10,10,1,42|43|44|45|46|47|48|49|50|51,
e6_wormhole,extreme,10,10,1,42|43|44|45|46|47|48|49|50|51,
e7_combo,base,10,10,1,42|43|44|45|46|47|48|49|50|51,
e7_combo,bh3,10,10,1,42|43|44|45|46|47|48|49|50|51,
e7_combo,jm3,10,10,1,42|43|44|45|46|47|48|49|50|51,
e7_combo,sy8,10,0,0,,42|43|44|45|46|47|48|49|50|51
e7_combo,bh3_jm3,10,0,0,,42|43|44|45|46|47|48|49|50|51
e7_combo,bh3_sy8,10,0,0,,42|43|44|45|46|47|48|49|50|51
e7_combo,jm3_sy8,10,0,0,,42|43|44|45|46|47|48|49|50|51
e7_combo,bh3_jm3_sy8,10,0,0,,42|43|44|45|46|47|48|49|50|51
shell1024,base_53,10,0,0,,42|43|44|45|46|47|48|49|50|51
shell1024,bh3_53,10,0,0,,42|43|44|45|46|47|48|49|50|51
shell1024,base_70,10,0,0,,42|43|44|45|46|47|48|49|50|51
shell1024,bh3_70,10,0,0,,42|43|44|45|46|47|48|49|50|51
shell1024,base_975,10,0,0,,42|43|44|45|46|47|48|49|50|51
shell1024,bh3_975,10,0,0,,42|43|44|45|46|47|48|49|50|51
shell1024,base_43,10,0,0,,42|43|44|45|46|47|48|49|50|51
shell1024,bh3_43,10,0,0,,42|43|44|45|46|47|48|49|50|51
shell256,base_53,10,0,0,,42|43|44|45|46|47|48|49|50|51
shell256,bh3_53,10,0,0,,42|43|44|45|46|47|48|49|50|51
shell256,base_70,10,0,0,,42|43|44|45|46|47|48|49|50|51
shell256,bh3_70,10,0,0,,42|43|44|45|46|47|48|49|50|51
shell256,base_975,10,0,0,,42|43|44|45|46|47|48|49|50|51
shell256,bh3_975,10,0,0,,42|43|44|45|46|47|48|49|50|51
shell256,base_43,10,0,0,,42|43|44|45|46|47|48|49|50|51
shell256,bh3_43,10,0,0,,42|43|44|45|46|47|48|49|50|51
